offset,physical_address,entropy,ff_percent,zero_percent,first16_hex,fs_generation_candidate
0x000000,0x60000000,6.54654,28.799,0.806,27051956e025899b6549e8630000b560,
0x010000,0x60010000,7.21246,1.262,6.268,27051956d72466f26549e864001a3ce0,
0x020000,0x60020000,7.17467,0.934,4.486,9bfd20b940f65903734a7449c2e7fdf7,
0x030000,0x60030000,7.16485,0.839,6.207,31f915481fe00c22144b154902fb0032,
0x040000,0x60040000,7.22976,1.091,4.549,3df8214cd7e705f1030929f003093246,
0x050000,0x60050000,7.14425,0.853,6.427,2a46606904f03dff9df80f30c0b20bb9,
0x060000,0x60060000,7.19879,1.006,5.348,73616d65207061746820617320707265,
0x070000,0x60070000,7.2029,0.983,4.663,3a2b06d1094b0a481b68984702900028,
0x080000,0x60080000,7.29211,1.016,4.166,94f76afad7f8d83210b1b9f12f0f1dd0,
0x090000,0x60090000,7.01277,0.719,12.267,bde8064002fb00f3a1eb0301704700bf,
0x0a0000,0x600a0000,6.99306,0.642,6.293,75f7befe206802a9f5f7b4fa2068f5f7,
0x0b0000,0x600b0000,7.29821,0.995,5.829,019002a864f764fbaa681049c2f30723,
0x0c0000,0x600c0000,7.09991,1.216,10.318,0bd001936b78032100932b78204a2148,
0x0d0000,0x600d0000,7.14486,3.065,8.398,023f02b2914577dc44f31e0294424fea,
0x0e0000,0x600e0000,7.02914,7.68,8.965,6c3f6e0f0e3ba00eca3b9b050539e60f,
0x0f0000,0x600f0000,7.22469,1.273,3.917,f80a1f0b4a0b780baa0be00b190c560c,
0x100000,0x60100000,7.23858,1.566,4.439,203002219a68064800925b68054a95f0,
0x110000,0x60110000,7.19203,1.81,5.458,20469847a46af7e7d8ff1060c327743a,
0x120000,0x60120000,7.17647,1.276,6.551,1f01084360f30703c2f8443108bd00bf,
0x130000,0x60130000,7.28361,0.883,4.53,1d464bbb29462046fff760fc30460af0,
0x140000,0x60140000,7.28956,0.983,4.486,a8ff23685b78012b03d140f63f02094b,
0x150000,0x60150000,7.13325,2.299,7.353,b4bf4ff0ff3301230193012301a90293,
0x160000,0x60160000,7.25477,1.138,4.768,6f6e6720736f75726365732068617665,
0x170000,0x60170000,6.92364,0.85,8.556,362d43434d2d3800544c532d4448452d,
0x180000,0x60180000,7.4697,1.46,4.568,7368656420746c732073686132353600,
0x190000,0x60190000,7.16605,0.908,5.008,27f80eb0bde8f08704464ff0280a54e7,
0x1a0000,0x601a0000,7.27188,2.269,4.306,24776a4d50a1bc9b86d5c8eff2495473,
0x1b0000,0x601b0000,6.90067,2.577,14.975,40f767fb2046e4f739f8002002b0bde8,
0x1c0000,0x601c0000,7.1105,1.909,5.91,a142f7d12246012138460cf00dff0546,
0x1d0000,0x601d0000,7.09579,1.103,8.719,01010c00736861333834576974685253,
0x1e0000,0x601e0000,7.19159,1.256,3.748,71f96b68364acde901433d4b04210093,
0x1f0000,0x601f0000,7.41158,1.231,5.527,b75e7761e07c5b629762a24e95700380,
0x200000,0x60200000,7.20815,0.899,3.578,d5e90234e41adcf000e8204638bd4ff0,
0x210000,0x60210000,7.07852,4.091,7.626,0379002b40f05f810b780d462f2b01f1,
0x220000,0x60220000,7.10971,0.859,3.824,5f626c655f676174745f72656c656173,
0x230000,0x60230000,7.16712,0.943,5.243,000f0ed0b8f1000f0bd057b13b463246,
0x240000,0x60240000,7.01219,0.754,7.867,c4f8b0223b60e5f7edfb50b15846fef7,
0x250000,0x60250000,7.23298,0.858,4.015,ff7200216069f3f7afff9df8173033b9,
0x260000,0x60260000,7.28153,0.845,4.369,78b2dbf7b3faede72de9f04104460127,
0x270000,0x60270000,7.25556,1.329,6.902,32505041a0090a00637257cb00000100,
0x280000,0x60280000,7.17027,0.807,8.676,00537472617465677953746174696352,
0x290000,0x60290000,7.24276,1.112,5.055,72616d206a642e6e636f6d70203d2025,
0x2a0000,0x602a0000,7.33243,0.839,4.573,61696c2025642c257800666f726d6174,
0x2b0000,0x602b0000,7.02416,0.739,12.81,0a07d21a092e8cf89828fab239d008eb,
0x2c0000,0x602c0000,7.32704,2.135,7.515,adfa2b60adfa2b60adfa2b60adfa2b60,
0x2d0000,0x602d0000,7.18881,0.661,6.219,30b5012485b0089d0294099ccde90054,
0x2e0000,0x602e0000,7.07311,5.093,10.956,007f03930ad94ff400733246a1682846,
0x2f0000,0x602f0000,7.29152,1.187,6.416,12f805b0009a98bf8af802b012f901ab,
0x300000,0x60300000,4.89672,0.612,39.89,0093214acdf804a009ab04a9f8f708fd,
0x310000,0x60310000,7.90652,2.74,2.435,02d5494260eb4000b0f5000f13d3b0f1,
0x320000,0x60320000,7.96331,0.345,2.345,ee0100007d6ae5ed92458257cdc6e85b,494
0x330000,0x60330000,7.9633,0.357,2.348,ee0100009a177970cb76fc3c4c3b63d4,494
0x340000,0x60340000,7.89179,3.087,2.788,ee0100000d519806041a770e789931a3,494
0x350000,0x60350000,7.96332,0.42,2.299,ee010000c47e1e5416d5c20d29f46012,494
0x360000,0x60360000,7.96381,0.352,2.342,ee010000654328c0efdf26147a988345,494
0x370000,0x60370000,6.6129,6.874,16.916,580200006c02024501000e6c02054501,600
0x380000,0x60380000,7.97223,1.033,1.447,58020000847c9aa168b3d7737b51bfba,600
0x390000,0x60390000,7.98718,0.368,1.086,5801000065230a89c0f1eb9689a0dc70,344
0x3a0000,0x603a0000,7.98736,0.345,1.025,580100001cb51a6eeb0ee6c46bb831fa,344
0x3b0000,0x603b0000,7.97323,0.383,1.674,58010000a3f4a488dfeec680ce7dcc0e,344
0x3c0000,0x603c0000,7.98886,0.406,0.961,580100003a38f117349b576bacddff96,344
0x3d0000,0x603d0000,7.9899,0.389,0.946,58010000b8b24323c6675d661badace9,344
0x3e0000,0x603e0000,7.98899,0.336,0.992,58010000a4e0789cb24eaa0562035289,344
0x3f0000,0x603f0000,7.5764,6.528,6.746,58010000b4621e65f3deaa8fb467b558,344
0x400000,0x60400000,7.96237,1.95,1.126,580100001d7798ede34014196912a44a,344
0x410000,0x60410000,7.31961,8.452,6.812,58020000b4b327ccd3c4cecfeacff5e0,600
0x420000,0x60420000,7.23113,9.647,9.085,58020000cfff3c00d4ff6fffa6ff7d00,600
0x430000,0x60430000,7.27559,7.098,9.082,5802000024002a001d001500eaff0b00,600
0x440000,0x60440000,7.20646,10.196,9.36,5802000010fd1338fb603e68df6be666,600
0x450000,0x60450000,6.81162,15.628,13.042,5802000028c50674554218300c2c1b07,600
0x460000,0x60460000,6.82873,13.614,13.559,580200005c1c82f6e25e788ab8633144,600
0x470000,0x60470000,7.14611,13.174,9.268,58020000ffffffffffffffffffffffff,600
0x480000,0x60480000,7.18466,14.766,6.566,5801000046494c456e69616e2e6d7033,344
0x490000,0x60490000,7.24867,13.773,6.273,5801000063d4ce28507c1518a38605c0,344
0x4a0000,0x604a0000,7.26969,13.46,6.204,5801000010ffffe6ff776235faa2233b,344
0x4b0000,0x604b0000,7.14448,15.115,6.917,58010000bed62eddfff348c0c62042a6,344
0x4c0000,0x604c0000,7.25176,13.754,6.218,58010000f6dcb5952c144af71842c020,344
0x4d0000,0x604d0000,7.33596,13.165,4.956,580100001062a40d149e16890446ac25,344
0x4e0000,0x604e0000,7.46428,11.04,4.636,5801000002e785ca163a1c872d54a599,344
0x4f0000,0x604f0000,6.77111,22.348,5.759,58010000c3244dd9e0fc19fe000024a2,344
0x500000,0x60500000,2.31528,14.627,68.88,5801000044495245636f6e6669670000,344
0x510000,0x60510000,1.87839,58.098,33.141,58010000000000000000000000000000,344
0x520000,0x60520000,1.25087,76.898,18.369,5801000046494c456366775f6e762e62,344
0x530000,0x60530000,0.95863,85.815,10.251,5801000046494c456366775f6e762e62,344
0x540000,0x60540000,0.95805,85.815,10.252,5801000046494c456366775f6e762e62,344
0x550000,0x60550000,1.46374,68.149,26.385,5801000046494c456366775f6e762e62,344
0x560000,0x60560000,7.94229,2.426,1.656,e5010000524f4f5401000100f4010000,485
0x570000,0x60570000,7.97005,1.43,1.425,e5010000f22893d780db3d521b884188,485
0x580000,0x60580000,7.95577,1.952,1.239,e5010000eb59eabb2dea1d3764ba3231,485
0x590000,0x60590000,7.96998,1.53,1.157,e50100009b0a12e3c8c295a0c6da9270,485
0x5a0000,0x605a0000,7.97553,1.234,1.184,e5010000b72e0f652904b821aa9222c2,485
0x5b0000,0x605b0000,7.97565,1.41,1.08,e501000000000100400001000cae0000,485
0x5c0000,0x605c0000,7.97889,1.208,1.083,e5010000e5eaaf85cedcbcbd14881da7,485
0x5d0000,0x605d0000,7.96595,1.691,1.241,e50100006ae8c1e1895ef048c9a3bd2d,485
0x5e0000,0x605e0000,7.98031,1.117,1.042,e5010000db558861b5e50571f0bad95d,485
0x5f0000,0x605f0000,7.97819,1.239,1.123,e501000027718315fa559473d6e376b5,485
0x600000,0x60600000,7.98418,0.749,1.077,e5010000dccb7946ef84f4963403bd97,485
0x610000,0x60610000,7.97351,1.382,1.227,e50100000b4ba2e68b8e8e900cad946a,485
0x620000,0x60620000,7.9614,1.965,1.178,e501000018f39eb43f1838e726f29f88,485
0x630000,0x60630000,7.97043,1.576,1.178,e5010000a87cbe02fa0333bd566ca502,485
0x640000,0x60640000,7.96048,1.973,1.16,e5010000f6bd514fee73057fa37b6104,485
0x650000,0x60650000,7.97814,1.303,1.062,e5010000f528ac5319dfd1de0b7df7ec,485
0x660000,0x60660000,7.98215,0.977,1.094,e5010000f0f0acc55b54fccf0d7b06f6,485
0x670000,0x60670000,7.9533,2.278,1.196,e50100003dc4fb4dcf1023e22b8c75b3,485
0x680000,0x60680000,7.9766,1.405,1.059,e5010000feff71ccf1fbeea2d72a9f4b,485
0x690000,0x60690000,7.94212,2.612,1.288,e50100003d3676f80717ecc3e60b214c,485
0x6a0000,0x606a0000,7.97945,1.19,1.088,e5010000702e9eaed4978f6e7cfd17a6,485
0x6b0000,0x606b0000,7.40562,10.411,6.667,e5010000ea341c5d965b014add8c8689,485
0x6c0000,0x606c0000,7.97663,1.331,1.059,e5010000e7f358a4b66d8fe2680bf50f,485
0x6d0000,0x606d0000,7.98057,1.109,1.051,e5010000cc0fcbdd8d5e61719fa1f5c9,485
0x6e0000,0x606e0000,7.96748,1.59,1.227,e5010000be89e0d50d274eae5b7d59a4,485
0x6f0000,0x606f0000,5.75924,39.651,1.685,e50100003b6edcbfef152cc0b31f48ed,485
0x700000,0x60700000,0.17947,97.656,1.953,e5010000ffffffffffffffffffffffff,485
0x710000,0x60710000,0.17947,97.656,1.953,e5010000ffffffffffffffffffffffff,485
0x720000,0x60720000,0.17947,97.656,1.953,e5010000ffffffffffffffffffffffff,485
0x730000,0x60730000,0.17947,97.656,1.953,e5010000ffffffffffffffffffffffff,485
0x740000,0x60740000,0.17947,97.656,1.953,e5010000ffffffffffffffffffffffff,485
0x750000,0x60750000,0.17947,97.656,1.953,e5010000ffffffffffffffffffffffff,485
0x760000,0x60760000,0.17947,97.656,1.953,e5010000ffffffffffffffffffffffff,485
0x770000,0x60770000,0.17947,97.656,1.953,e5010000ffffffffffffffffffffffff,485
0x780000,0x60780000,0.17947,97.656,1.953,e5010000ffffffffffffffffffffffff,485
0x790000,0x60790000,0.17947,97.656,1.953,e5010000ffffffffffffffffffffffff,485
0x7a0000,0x607a0000,0.17947,97.656,1.953,e5010000ffffffffffffffffffffffff,485
0x7b0000,0x607b0000,0.17947,97.656,1.953,e5010000ffffffffffffffffffffffff,485
0x7c0000,0x607c0000,0.17947,97.656,1.953,e5010000ffffffffffffffffffffffff,485
0x7d0000,0x607d0000,0.17947,97.656,1.953,e5010000ffffffffffffffffffffffff,485
0x7e0000,0x607e0000,2.34201,17.56,66.508,1d02000046494c457068617365636865,541
0x7f0000,0x607f0000,2.02614,5.167,78.467,1d010000000000000000000000000000,285
